0x0207cb2f99EB2e005893d6108E2633641Ca9cC3e,ocean_secret
0x064789569D09b4d40b54383d84A25A840E5D67aD,ocean_secret
0x06C0035fE67Cce2B8862D63Dc315D8C8c72207cA,ocean_secret
0x07aCfF76eB4A10c92B89965B0e174B35d887cB0b,ocean_secret
0x0A7a04DEdFE9A4859bcEdD2F21dcA8110499bed9,ocean_secret
0x1322A6ef2c560107733bFc622Fe556961Cb430a5,ocean_secret
0x1549193cc522A1716be4886879cD5f0964A3073C,ocean_secret
0x15C8249D657ad28daa56662ad4ee18dA4377d1a4,ocean_secret
0x170ff54d7bbD527B7bdF04770845bd727a531d9c,ocean_secret
0x1769AAf66658DC2D7782796ac2fF350d4ecf96Cd,ocean_secret
0x17d25A173C9914ee09221EA8E490D296121e51F2,ocean_secret
0x291456dbD9119Ed4e4FE261246F5985ebF4e7Ae9,ocean_secret
0x2c918a0EF92f0b7113c8c4a966CC4f22AfA5652f,ocean_secret
0x2DFeEe7Ac1a126AF0d254235D0e21F43d5c9B103,ocean_secret
0x2E92872deE4Cd4f5d5544C257cAa2A66710bE73D,ocean_secret
0x33333759e516dD51b533777b733a40c2EbD4869D,ocean_secret
0x364BA547Fb1a96881D59CC193641DDB4D891a6E2,ocean_secret
0x3C5bdEBBB588f6d7ebBbC74b6Ed56f3b9dF2f7e2,ocean_secret
0x3F367a69C2559a4B90044eA6b6dfF7E0fE4a52E6,ocean_secret
0x413c9BA0A05B8A600899B41b0c62dd661e689354,ocean_secret
0x43E6b79B696b1d8E21d5A23118A1BF1b565C3831,ocean_secret
0x442aCf84E05459e13595f372C49D4a15E95eA4E7,ocean_secret
0x4439526405BD6119bdC8a0B2c7616B8eF2cB8751,ocean_secret
0x44E07D8190Cc0f0eCCC9C935D5EA47194301Cb00,ocean_secret
0x45234B8c216231c2c31785aE4F5DceB858A8Ec71,ocean_secret
0x4655b0C31a26aB4D3e6Dd85d51690E038290D4e0,ocean_secret
## 0x0011598De1016A350ad719D23586273804076774,master0
0x00bd138abd70e2f00903268f3db08f2d25677c9e,node0
0x068ed00cf0441e4829d9784fcbe7b9e26d4bd8d0,secret
##0x6B0c56d1Ad5144b4d37fa6e27DC9afd5C2435c3B,
0xA99D43d86A0758d5632313b8fA3972B6088A21BB,secret
